date,contributions,commits,prs,issues,repos,stars,followers
2026-08-08,608,598,1,0,9,9,4
2026-08-09,609,599,1,0,9,9,4
2026-08-10,610,600,1,0,9,9,4
2026-08-11,612,602,1,0,9,9,0,4
2026-08-12,613,603,1,0,9,9,0,4
2026-08-13,620,610,1,0,9,9,0,4
2026-08-14,631,621,1,0,9,9,0,4
2026-08-15,639,629,1,0,9,9,0,4
2026-08-16,646,636,1,0,9,9,0,4
2026-08-17,653,643,1,0,9,9,0,4
2026-08-18,660,650,1,0,9,9,0,4
2026-08-19,667,657,1,0,9,9,0,4
2026-08-20,682,671,1,0,10,9,0,4
2026-08-21,690,679,1,0,10,9,0,4
2026-08-22,697,686,1,0,10,9,0,4
2026-08-23,704,693,1,0,10,9,0,4
2026-08-24,711,700,1,0,10,9,0,4
2026-08-25,718,707,1,0,10,9,0,4
2026-08-26,725,714,1,0,10,9,0,4
2026-08-27,732,721,1,0,10,9,0,4
2026-08-28,739,728,1,0,10,9,0,4
2026-08-29,746,735,1,0,10,9,0,4
2026-08-30,753,742,1,0,10,9,0,4
2026-08-31,760,749,1,0,10,9,0,4
2026-09-01,767,756,1,0,10,9,0,4
2026-09-02,774,763,1,0,10,9,0,4
